{
  "analysis_timestamp": "2025-09-19T12:07:05.194305",
  "optimal_threshold": 0.66,
  "f1_at_threshold": 0.891156462585034,
  "n_labeled_samples": 300,
  "n_samples_per_model": 2817,
  "n_bootstrap_iterations": 10000,
  "models": {
    "gpt-4.1": {
      "accuracy": 0.4895278665246716,
      "ci_lower": 0.47106851260205895,
      "ci_upper": 0.5083422080227192,
      "ece": 0.3838942137025204,
      "brier": 0.37484597089101884,
      "wrong_at_80": 47.47313967369678,
      "wrong_at_90": 37.163493105712405,
      "wrong_at_95": 30.335861321776814,
      "aurc": 0.3729368845535988,
      "n_samples": 2817,
      "n_high_conf_80": 2513,
      "n_high_conf_90": 1523,
      "n_high_conf_95": 923
    },
    "claude-sonnet-4": {
      "accuracy": 0.6034788782392616,
      "ci_lower": 0.5853745118920838,
      "ci_upper": 0.6215832445864394,
      "ece": 0.2058217962371317,
      "brier": 0.25436812211572596,
      "wrong_at_80": 31.569173630454966,
      "wrong_at_90": 14.897260273972604,
      "wrong_at_95": 6.422018348623854,
      "aurc": 0.2416247328877305,
      "n_samples": 2817,
      "n_high_conf_80": 2154,
      "n_high_conf_90": 584,
      "n_high_conf_95": 218
    },
    "Qwen3-235B-A22B-FP8": {
      "accuracy": 0.4742634007809727,
      "ci_lower": 0.4554490592829251,
      "ci_upper": 0.4923677671281505,
      "ece": 0.41679091231806875,
      "brier": 0.4158413205537806,
      "wrong_at_80": 52.17550274223035,
      "wrong_at_90": 47.659297789336804,
      "wrong_at_95": 39.686684073107045,
      "aurc": 0.4721421410400787,
      "n_samples": 2817,
      "n_high_conf_80": 2735,
      "n_high_conf_90": 1538,
      "n_high_conf_95": 1149
    },
    "kimi-k2": {
      "accuracy": 0.6119985800496983,
      "ci_lower": 0.5938942137025204,
      "ci_upper": 0.6297479588214413,
      "ece": 0.25856585019524325,
      "brier": 0.2918152644657437,
      "wrong_at_80": 35.891286970423664,
      "wrong_at_90": 29.407894736842106,
      "wrong_at_95": 23.597122302158276,
      "aurc": 0.29274411951319834,
      "n_samples": 2817,
      "n_high_conf_80": 2502,
      "n_high_conf_90": 1520,
      "n_high_conf_95": 695
    },
    "deepseek-v3.1": {
      "accuracy": 0.5985090521831736,
      "ci_lower": 0.5804046858359957,
      "ci_upper": 0.6169684061057863,
      "ece": 0.2786368477103301,
      "brier": 0.30334582889598866,
      "wrong_at_80": 37.93235972328978,
      "wrong_at_90": 32.43927125506073,
      "wrong_at_95": 22.894736842105264,
      "aurc": 0.28968427465557545,
      "n_samples": 2817,
      "n_high_conf_80": 2602,
      "n_high_conf_90": 1976,
      "n_high_conf_95": 760
    },
    "gemini-2.5-flash": {
      "accuracy": 0.541711040113596,
      "ci_lower": 0.5232516861909833,
      "ci_upper": 0.5601703940362087,
      "ece": 0.3616435924742634,
      "brier": 0.3562653532126376,
      "wrong_at_80": 42.444357672784065,
      "wrong_at_90": 41.3751507840772,
      "wrong_at_95": 31.113801452784507,
      "aurc": 0.2874035349899808,
      "n_samples": 2817,
      "n_high_conf_80": 2561,
      "n_high_conf_90": 2487,
      "n_high_conf_95": 1652
    }
  },
  "dataset_analysis": {
    "gpt-4.1": {
      "SafeMTData_1K": 0.5023809523809524,
      "SafeMTData_Attack600": 0.16166666666666665,
      "MHJ_local": 0.8156424581005587
    }
  }
}