{
  "pairwise_comparisons": [
    {
      "model1": "claude-sonnet-4",
      "model2": "kimi-k2",
      "acc1": 0.5979760809567617,
      "acc2": 0.6018859245630175,
      "delta": -0.003909843606255792,
      "bootstrap_p": 0.0008,
      "bootstrap_ci": [
        -0.007139012648386789,
        -0.002063118589839401
      ],
      "mcnemar_p": 0.0004691282879842628,
      "mcnemar_stat": 12.234543160394864,
      "bootstrap_p_bonf": 0.012,
      "bootstrap_p_holm": 0.0016,
      "bootstrap_p_fdr": 0.0008571428571428572,
      "mcnemar_p_bonf": 0.007036924319763943,
      "mcnemar_p_holm": 0.0009382565759685256,
      "mcnemar_p_fdr": 0.0005026374514117101
    },
    {
      "model1": "claude-sonnet-4",
      "model2": "deepseek-v3.1",
      "acc1": 0.5979760809567617,
      "acc2": 0.5811867525298988,
      "delta": 0.01678932842686287,
      "bootstrap_p": 0.0,
      "bootstrap_ci": [
        0.004526358281254694,
        0.009583470382441676
      ],
      "mcnemar_p": 5.534869735509435e-08,
      "mcnemar_stat": 29.519788655994567,
      "bootstrap_p_bonf": 0.0,
      "bootstrap_p_holm": 0.0,
      "bootstrap_p_fdr": 0.0,
      "mcnemar_p_bonf": 8.302304603264152e-07,
      "mcnemar_p_holm": 1.6604609206528305e-07,
      "mcnemar_p_fdr": 6.386388156357041e-08
    },
    {
      "model1": "claude-sonnet-4",
      "model2": "gemini-2.5-flash",
      "acc1": 0.5979760809567617,
      "acc2": 0.5673873045078197,
      "delta": 0.03058877644894198,
      "bootstrap_p": 0.0,
      "bootstrap_ci": [
        0.00880602816732945,
        0.013979102502765935
      ],
      "mcnemar_p": 5.3971056665386775e-18,
      "mcnemar_stat": 74.72995225684066,
      "bootstrap_p_bonf": 0.0,
      "bootstrap_p_holm": 0.0,
      "bootstrap_p_fdr": 0.0,
      "mcnemar_p_bonf": 8.095658499808016e-17,
      "mcnemar_p_holm": 2.6985528332693388e-17,
      "mcnemar_p_fdr": 7.359689545280016e-18
    },
    {
      "model1": "claude-sonnet-4",
      "model2": "gpt-4.1",
      "acc1": 0.5979760809567617,
      "acc2": 0.5646274149034038,
      "delta": 0.033348666053357845,
      "bootstrap_p": 0.0,
      "bootstrap_ci": [
        0.037384504978620337,
        0.04259495634362945
      ],
      "mcnemar_p": 4.242241292957867e-201,
      "mcnemar_stat": 915.4758185328494,
      "bootstrap_p_bonf": 0.0,
      "bootstrap_p_holm": 0.0,
      "bootstrap_p_fdr": 0.0,
      "mcnemar_p_bonf": 6.363361939436801e-200,
      "mcnemar_p_holm": 4.666465422253654e-200,
      "mcnemar_p_fdr": 1.2726723878873601e-200
    },
    {
      "model1": "claude-sonnet-4",
      "model2": "Qwen3-235B-A22B-FP8",
      "acc1": 0.5979760809567617,
      "acc2": 0.5289788408463661,
      "delta": 0.06899724011039554,
      "bootstrap_p": 0.0,
      "bootstrap_ci": [
        0.04773420446730259,
        0.05304921807254137
      ],
      "mcnemar_p": 3.2270215803480276e-308,
      "mcnemar_stat": 1408.3461264497746,
      "bootstrap_p_bonf": 0.0,
      "bootstrap_p_holm": 0.0,
      "bootstrap_p_fdr": 0.0,
      "mcnemar_p_bonf": 4.840532370522041e-307,
      "mcnemar_p_holm": 4.517830212487239e-307,
      "mcnemar_p_fdr": 2.420266185261021e-307
    },
    {
      "model1": "kimi-k2",
      "model2": "deepseek-v3.1",
      "acc1": 0.6018859245630175,
      "acc2": 0.5811867525298988,
      "delta": 0.020699172033118662,
      "bootstrap_p": 0.0,
      "bootstrap_ci": [
        0.00910130670095377,
        0.01411356636665373
      ],
      "mcnemar_p": 3.029299503115313e-19,
      "mcnemar_stat": 80.41860213262245,
      "bootstrap_p_bonf": 0.0,
      "bootstrap_p_holm": 0.0,
      "bootstrap_p_fdr": 0.0,
      "mcnemar_p_bonf": 4.54394925467297e-18,
      "mcnemar_p_holm": 1.8175797018691877e-18,
      "mcnemar_p_fdr": 4.54394925467297e-19
    },
    {
      "model1": "kimi-k2",
      "model2": "gemini-2.5-flash",
      "acc1": 0.6018859245630175,
      "acc2": 0.5673873045078197,
      "delta": 0.03449862005519777,
      "bootstrap_p": 0.0,
      "bootstrap_ci": [
        0.013407047065155686,
        0.018576383697634813
      ],
      "mcnemar_p": 1.119046516653286e-33,
      "mcnemar_stat": 146.29500933952775,
      "bootstrap_p_bonf": 0.0,
      "bootstrap_p_holm": 0.0,
      "bootstrap_p_fdr": 0.0,
      "mcnemar_p_bonf": 1.678569774979929e-32,
      "mcnemar_p_holm": 7.833325616573003e-33,
      "mcnemar_p_fdr": 1.865077527755477e-33
    },
    {
      "model1": "kimi-k2",
      "model2": "gpt-4.1",
      "acc1": 0.6018859245630175,
      "acc2": 0.5646274149034038,
      "delta": 0.03725850965961364,
      "bootstrap_p": 0.0,
      "bootstrap_ci": [
        0.04188843704213141,
        0.047087675298268766
      ],
      "mcnemar_p": 2.5744526977778657e-246,
      "mcnemar_stat": 1123.5030261260833,
      "bootstrap_p_bonf": 0.0,
      "bootstrap_p_holm": 0.0,
      "bootstrap_p_fdr": 0.0,
      "mcnemar_p_bonf": 3.8616790466667986e-245,
      "mcnemar_p_holm": 3.3467885071112253e-245,
      "mcnemar_p_fdr": 1.2872263488889327e-245
    },
    {
      "model1": "kimi-k2",
      "model2": "Qwen3-235B-A22B-FP8",
      "acc1": 0.6018859245630175,
      "acc2": 0.5289788408463661,
      "delta": 0.07290708371665133,
      "bootstrap_p": 0.0,
      "bootstrap_ci": [
        0.052301490595939304,
        0.05761304682594273
      ],
      "mcnemar_p": 0.0,
      "mcnemar_stat": 1666.8061873309236,
      "bootstrap_p_bonf": 0.0,
      "bootstrap_p_holm": 0.0,
      "bootstrap_p_fdr": 0.0,
      "mcnemar_p_bonf": 0.0,
      "mcnemar_p_holm": 0.0,
      "mcnemar_p_fdr": 0.0
    },
    {
      "model1": "deepseek-v3.1",
      "model2": "gemini-2.5-flash",
      "acc1": 0.5811867525298988,
      "acc2": 0.5673873045078197,
      "delta": 0.013799448022079108,
      "bootstrap_p": 0.0014,
      "bootstrap_ci": [
        0.0018127859342761399,
        0.00695222094309725
      ],
      "mcnemar_p": 0.000889486908210336,
      "mcnemar_stat": 11.044541659977524,
      "bootstrap_p_bonf": 0.021,
      "bootstrap_p_holm": 0.0016,
      "bootstrap_p_fdr": 0.0014,
      "mcnemar_p_bonf": 0.013342303623155041,
      "mcnemar_p_holm": 0.0009382565759685256,
      "mcnemar_p_fdr": 0.000889486908210336
    },
    {
      "model1": "deepseek-v3.1",
      "model2": "gpt-4.1",
      "acc1": 0.5811867525298988,
      "acc2": 0.5646274149034038,
      "delta": 0.016559337626494974,
      "bootstrap_p": 0.0,
      "bootstrap_ci": [
        0.03033884146159135,
        0.03549715187034658
      ],
      "mcnemar_p": 3.3427758923394467e-139,
      "mcnemar_stat": 630.8033178057202,
      "bootstrap_p_bonf": 0.0,
      "bootstrap_p_holm": 0.0,
      "bootstrap_p_fdr": 0.0,
      "mcnemar_p_bonf": 5.01416383850917e-138,
      "mcnemar_p_holm": 3.008498303105502e-138,
      "mcnemar_p_fdr": 7.163091197870243e-139
    },
    {
      "model1": "deepseek-v3.1",
      "model2": "Qwen3-235B-A22B-FP8",
      "acc1": 0.5811867525298988,
      "acc2": 0.5289788408463661,
      "delta": 0.05220791168353267,
      "bootstrap_p": 0.0,
      "bootstrap_ci": [
        0.04072601142242027,
        0.04595515130221575
      ],
      "mcnemar_p": 1.7730759442854532e-230,
      "mcnemar_stat": 1050.6330810506831,
      "bootstrap_p_bonf": 0.0,
      "bootstrap_p_holm": 0.0,
      "bootstrap_p_fdr": 0.0,
      "mcnemar_p_bonf": 2.65961391642818e-229,
      "mcnemar_p_holm": 2.127691133142544e-229,
      "mcnemar_p_fdr": 6.64903479107045e-230
    },
    {
      "model1": "gemini-2.5-flash",
      "model2": "gpt-4.1",
      "acc1": 0.5673873045078197,
      "acc2": 0.5646274149034038,
      "delta": 0.002759889604415866,
      "bootstrap_p": 0.0,
      "bootstrap_ci": [
        0.025872192985079083,
        0.03111637711927751
      ],
      "mcnemar_p": 1.0329178938232746e-101,
      "mcnemar_stat": 458.4735892181589,
      "bootstrap_p_bonf": 0.0,
      "bootstrap_p_holm": 0.0,
      "bootstrap_p_fdr": 0.0,
      "mcnemar_p_bonf": 1.549376840734912e-100,
      "mcnemar_p_holm": 8.263343150586197e-101,