{
  "analysis_timestamp": "2025-09-18T21:27:18.445874",
  "optimal_threshold": 0.66,
  "f1_at_threshold": 0.891156462585034,
  "n_labeled_samples": 300,
  "n_samples_per_model": 4217,
  "n_bootstrap_iterations": 10000,
  "models": {
    "gpt-4.1": {
      "accuracy": 0.42968935262034624,
      "ci_lower": 0.41474982214844675,
      "ci_upper": 0.44486601849656154,
      "ece": 0.44798909177140156,
      "brier": 0.43499637182831397,
      "wrong_at_80": 54.36997319034853,
      "wrong_at_90": 48.9413680781759,
      "wrong_at_95": 47.06609017912292,
      "aurc": 0.5013919344287897,
      "n_samples": 4217,
      "n_high_conf_80": 3730,
      "n_high_conf_90": 2456,
      "n_high_conf_95": 1619
    },
    "claude-sonnet-4": {
      "accuracy": 0.4934787763813137,
      "ci_lower": 0.47853924590941427,
      "ci_upper": 0.5084183068532132,
      "ece": 0.3152240929570784,
      "brier": 0.3376986009011145,
      "wrong_at_80": 44.53149482920715,
      "wrong_at_90": 39.24418604651162,
      "wrong_at_95": 24.0,
      "aurc": 0.4217910415445208,
      "n_samples": 4217,
      "n_high_conf_80": 3191,
      "n_high_conf_90": 1032,
      "n_high_conf_95": 300
    },
    "Qwen3-235B-A22B-FP8": {
      "accuracy": 0.4183068532131847,
      "ci_lower": 0.4033673227412853,
      "ci_upper": 0.43324638368508417,
      "ece": 0.46912497035807443,
      "brier": 0.45825112639317056,
      "wrong_at_80": 57.51861042183622,
      "wrong_at_90": 54.933665008291875,
      "wrong_at_95": 48.08153477218225,
      "aurc": 0.5241909952972202,
      "n_samples": 4217,
      "n_high_conf_80": 4030,
      "n_high_conf_90": 2412,
      "n_high_conf_95": 1668
    },
    "kimi-k2": {
      "accuracy": 0.48257054778278397,
      "ci_lower": 0.4678681527152004,
      "ci_upper": 0.49774721365899927,
      "ece": 0.3833068532131847,
      "brier": 0.3878055074697653,
      "wrong_at_80": 48.99783315276273,
      "wrong_at_90": 44.75859069160504,
      "wrong_at_95": 39.07603464870068,
      "aurc": 0.43291705641760764,
      "n_samples": 4217,
      "n_high_conf_80": 3692,
      "n_high_conf_90": 2299,
      "n_high_conf_95": 1039
    },
    "deepseek-v3.1": {
      "accuracy": 0.4818591415698364,
      "ci_lower": 0.4671567465022528,
      "ci_upper": 0.4970358074460517,
      "ece": 0.38985534740336747,
      "brier": 0.3916203462176904,
      "wrong_at_80": 49.96096799375488,
      "wrong_at_90": 45.27503526093089,
      "wrong_at_95": 36.32887189292543,
      "aurc": 0.42498287383997035,
      "n_samples": 4217,
      "n_high_conf_80": 3843,
      "n_high_conf_90": 2836,
      "n_high_conf_95": 1046
    },
    "gemini-2.5-flash": {
      "accuracy": 0.44391747687929806,
      "ci_lower": 0.4289779464073986,
      "ci_upper": 0.45885700735119755,
      "ece": 0.46430163623428977,
      "brier": 0.4558318235712592,
      "wrong_at_80": 53.677621283255085,
      "wrong_at_90": 53.027867095391215,
      "wrong_at_95": 46.38798701298701,
      "aurc": 0.45013317258888497,
      "n_samples": 4217,
      "n_high_conf_80": 3834,
      "n_high_conf_90": 3732,
      "n_high_conf_95": 2464
    }
  },
  "dataset_analysis": {
    "gpt-4.1": {
      "CoSafe": 0.3092857142857143,
      "SafeMTData_1K": 0.5023809523809524,
      "SafeMTData_Attack600": 0.16166666666666665,
      "MHJ_local": 0.8156424581005587
    }
  }
}